{
  "fs": 256,
  "band": [
    8,
    30
  ],
  "filter_coeffs": [
    -0.00019903658504954135,
    -0.0004229361976965841,
    -0.00039262308125966494,
    -0.00014593827299487906,
    0.00016471634022498978,
    0.0003148114712090491,
    0.0001011609464676364,
    -0.0005398877146599459,
    -0.0014494234194074255,
    -0.002265445799366792,
    -0.0025729372099960526,
    -0.00213560459028514,
    -0.0010876169070450094,
    5.091576831514118e-05,
    0.0005979173942118352,
    9.85202542996305e-05,
    -0.0013225656879294798,
    -0.0028782557793404473,
    -0.0034274522547822657,
    -0.0020800961964597994,
    0.0012031529677092273,
    0.0053847761363947705,
    0.008718461229530364,
    0.009617462165536796,
    0.007606908179507315,
    0.003808412066578535,
    0.0005750398747266369,
    0.00032497371626508137,
    0.004104625874970372,
    0.01067069420296361,
    0.01672445117553474,
    0.01837980050609492,
    0.01325134053836017,
    0.0020849054268425476,
    -0.011077383581244018,
    -0.020556311857313075,
    -0.02192078942166883,
    -0.014718893073505664,
    -0.0035228168976377495,
    0.0035907400017168778,
    -0.0012197395038597543,
    -0.021168398021520592,
    -0.05194877643755832,
    -0.08205474705729998,
    -0.09667623807388458,
    -0.08383626251649222,
    -0.040205561854222506,
    0.026093122158316207,
    0.0972485588286446,
    0.15171350327785282,
    0.1720865373087364,
    0.15171350327785282,
    0.09724855882864458,
    0.026093122158316207,
    -0.0402055618542225,
    -0.0838362625164922,
    -0.09667623807388456,
    -0.08205474705729995,
    -0.05194877643755831,
    -0.021168398021520592,
    -0.0012197395038597541,
    0.0035907400017168765,
    -0.0035228168976377486,
    -0.014718893073505664,
    -0.021920789421668828,
    -0.020556311857313075,
    -0.011077383581244013,
    0.002084905426842547,
    0.013251340538360164,
    0.018379800506094914,
    0.01672445117553474,
    0.010670694202963606,
    0.004104625874970371,
    0.00032497371626508115,
    0.0005750398747266367,
    0.003808412066578534,
    0.007606908179507312,
    0.009617462165536796,
    0.008718461229530357,
    0.005384776136394767,
    0.0012031529677092273,
    -0.002080096196459798,
    -0.0034274522547822657,
    -0.0028782557793404443,
    -0.001322565687929479,
    9.852025429963038e-05,
    0.0005979173942118345,
    5.091576831514118e-05,
    -0.0010876169070450081,
    -0.0021356045902851386,
    -0.002572937209996049,
    -0.0022654457993667903,
    -0.0014494234194074255,
    -0.0005398877146599449,
    0.00010116094646763635,
    0.0003148114712090488,
    0.0001647163402249897,
    -0.00014593827299487906,
    -0.00039262308125966467,
    -0.0004229361976965841,
    -0.00019903658504954135
  ],
  "channels": [
    "EEG-Fz",
    "EEG-0",
    "EEG-1",
    "EEG-2",
    "EEG-3",
    "EEG-4",
    "EEG-5",
    "EEG-C3",
    "EEG-6",
    "EEG-Cz",
    "EEG-7",
    "EEG-C4",
    "EEG-8",
    "EEG-9",
    "EEG-10",
    "EEG-11",
    "EEG-12",
    "EEG-13",
    "EEG-14",
    "EEG-Pz",
    "EEG-15",
    "EEG-16",
    "EOG-left",
    "EOG-central",
    "EOG-right"
  ],
  "n_channels": 25,
  "csp_n_components": 4,
  "W_csp": [
    [
      83115.80736639176,
      -43342.121456603665,
      -32783.34908569762,
      -66962.11823382923,
      -2270.5000340600745,
      -10761.50799840389,
      -13271.208223575535,
      128229.438034078,
      -81519.21010400236,
      126199.96296715895,
      47889.641133694095,
      -39689.37830858398,
      34573.75883964986,
      2389.271882140765,
      10539.878584542806,
      -129953.91726529245,
      29276.15744893998,
      -11553.468805793575,
      -361318.7088163995,
      414940.3237193604,
      -117198.34991747866,
      24653.023185230377,
      -8127.475413801503,
      -18764.130213415956,
      7650.66613837069
    ],
    [
      6539.507316911636,
      -21341.64998181407,
      -15248.21690058221,
      18951.02133864047,
      83457.15326794305,
      -63120.7134522282,
      -4303.987130533993,
      -8928.767435093036,
      107187.0028986491,
      -49258.022132474754,
      -199327.55025410163,
      -5232.2096292292545,
      12444.043405447805,
      -10854.126270407225,
      -74541.46585579537,
      40226.91762957013,
      80304.86449480735,
      192471.31141203857,
      18805.613825198598,
      92616.38745650041,
      -206757.18568369967,
      5955.051365457841,
      34043.79571633111,
      -10148.386891343938,
      -25911.41252533902
    ],
    [
      14276.375516492813,
      49529.364192254485,
      -30943.382401795105,
      -42466.17065616756,
      1636.103517951064,
      3063.482153776271,
      -54652.251561936595,
      -244918.6694739549,
      134077.8810488203,
      -76161.67109177641,
      20407.86614120112,
      24555.693229771012,
      -3928.568438118979,
      386360.28734101413,
      13644.449979911744,
      27467.31257800104,
      7832.754044616463,
      -16105.900904539298,
      -463021.80240408913,
      230215.34977084448,
      -100850.97489576344,
      99376.51977600728,
      -14411.413194931161,
      7537.9541783437535,
      7241.838057541614
    ],
    [
      -80899.5265118334,
      102994.71596091655,
      -132738.35924662204,
      33728.48460493508,
      86239.34922407263,
      -19925.88411133753,
      -85697.44049305162,
      43553.926040494836,
      51640.29311447729,
      12063.988333710045,
      -135517.81819626014,
      39640.3450551004,
      -7412.662849405773,
      -108198.92115196423,
      208849.28502045406,
      -233274.67145937184,
      176066.38493163342,
      -19581.97326500926,
      -122982.9328194243,
      231493.9999669932,
      -222882.66084922422,
      67444.05133843298,
      -35872.585727741694,
      7511.607961505859,
      12529.273197956689
    ]
  ],
  "lda_w": [
    -1.5101724859556054,
    2.5102484766600117,
    -1.6884224147303855,
    -0.5587718326239788
  ],
  "lda_b": 4.440892098500626e-16,
  "feature_mean": [
    -0.9470008966768684,
    -0.9745850088509239,
    -1.0090291129619078,
    -0.8600238617238987
  ],
  "feature_std": [
    0.6855143057148924,
    0.799274128729872,
    0.8119539797215043,
    0.5426569359101813
  ],
  "epoch_tmin": 0.0,
  "epoch_tmax": 1.0,
  "notes": "For FPGA: Apply filter_coeffs (FIR bandpass) to EEG channels, then W_csp (first N_CSP_COMPONENTS rows) to get CSP outputs. Compute log-variance, scale with feature_mean/std, then use lda_w and lda_b for classification (left=0, right=1)."
}