{
  "fs": 256,
  "band": [
    8,
    30
  ],
  "filter_coeffs": [
    -0.00019903658504954135,
    -0.0004229361976965841,
    -0.00039262308125966494,
    -0.00014593827299487906,
    0.00016471634022498978,
    0.0003148114712090491,
    0.0001011609464676364,
    -0.0005398877146599459,
    -0.0014494234194074255,
    -0.002265445799366792,
    -0.0025729372099960526,
    -0.00213560459028514,
    -0.0010876169070450094,
    5.091576831514118e-05,
    0.0005979173942118352,
    9.85202542996305e-05,
    -0.0013225656879294798,
    -0.0028782557793404473,
    -0.0034274522547822657,
    -0.0020800961964597994,
    0.0012031529677092273,
    0.0053847761363947705,
    0.008718461229530364,
    0.009617462165536796,
    0.007606908179507315,
    0.003808412066578535,
    0.0005750398747266369,
    0.00032497371626508137,
    0.004104625874970372,
    0.01067069420296361,
    0.01672445117553474,
    0.01837980050609492,
    0.01325134053836017,
    0.0020849054268425476,
    -0.011077383581244018,
    -0.020556311857313075,
    -0.02192078942166883,
    -0.014718893073505664,
    -0.0035228168976377495,
    0.0035907400017168778,
    -0.0012197395038597543,
    -0.021168398021520592,
    -0.05194877643755832,
    -0.08205474705729998,
    -0.09667623807388458,
    -0.08383626251649222,
    -0.040205561854222506,
    0.026093122158316207,
    0.0972485588286446,
    0.15171350327785282,
    0.1720865373087364,
    0.15171350327785282,
    0.09724855882864458,
    0.026093122158316207,
    -0.0402055618542225,
    -0.0838362625164922,
    -0.09667623807388456,
    -0.08205474705729995,
    -0.05194877643755831,
    -0.021168398021520592,
    -0.0012197395038597541,
    0.0035907400017168765,
    -0.0035228168976377486,
    -0.014718893073505664,
    -0.021920789421668828,
    -0.020556311857313075,
    -0.011077383581244013,
    0.002084905426842547,
    0.013251340538360164,
    0.018379800506094914,
    0.01672445117553474,
    0.010670694202963606,
    0.004104625874970371,
    0.00032497371626508115,
    0.0005750398747266367,
    0.003808412066578534,
    0.007606908179507312,
    0.009617462165536796,
    0.008718461229530357,
    0.005384776136394767,
    0.0012031529677092273,
    -0.002080096196459798,
    -0.0034274522547822657,
    -0.0028782557793404443,
    -0.001322565687929479,
    9.852025429963038e-05,
    0.0005979173942118345,
    5.091576831514118e-05,
    -0.0010876169070450081,
    -0.0021356045902851386,
    -0.002572937209996049,
    -0.0022654457993667903,
    -0.0014494234194074255,
    -0.0005398877146599449,
    0.00010116094646763635,
    0.0003148114712090488,
    0.0001647163402249897,
    -0.00014593827299487906,
    -0.00039262308125966467,
    -0.0004229361976965841,
    -0.00019903658504954135
  ],
  "channels": [
    "EEG-Fz",
    "EEG-0",
    "EEG-1",
    "EEG-2",
    "EEG-3",
    "EEG-4",
    "EEG-5",
    "EEG-C3",
    "EEG-6",
    "EEG-Cz",
    "EEG-7",
    "EEG-C4",
    "EEG-8",
    "EEG-9",
    "EEG-10",
    "EEG-11",
    "EEG-12",
    "EEG-13",
    "EEG-14",
    "EEG-Pz",
    "EEG-15",
    "EEG-16",
    "EOG-left",
    "EOG-central",
    "EOG-right"
  ],
  "n_channels": 25,
  "csp_n_components": 4,
  "W_csp": [
    [
      56342.26590811546,
      10994.68691541759,
      36173.37661540269,
      -113777.38445520855,
      -12296.930923252205,
      -118563.69518011661,
      -75559.50096161675,
      32400.548526003364,
      -181293.07513285588,
      90972.58061087714,
      58460.12418983219,
      105779.00411946439,
      -42497.84558230182,
      14341.869417182623,
      110682.5835536229,
      -23146.27046010559,
      201844.97695905267,
      -141479.17400568468,
      -123531.04902529404,
      -19399.27879279816,
      -29668.01289437575,
      25012.058255673488,
      212629.12631751076,
      51696.98326262624,
      -56043.2504536042
    ],
    [
      147790.18042533952,
      -118975.48220762346,
      155392.69553395838,
      -51979.47435440297,
      -173128.42883808774,
      175659.52247568298,
      22946.7909877657,
      113294.16211629593,
      -314794.4893646786,
      73215.69143453478,
      -144476.85618609522,
      -198218.3362014728,
      248727.9608444661,
      -92709.77284783438,
      202950.12911990998,
      81998.29489768612,
      258754.90140419648,
      -195959.38158422054,
      -300007.24007402745,
      115887.9934924705,
      105998.95665241714,
      66468.36029447395,
      63262.99293442514,
      -48860.99058542602,
      -203100.59499939482
    ],
    [
      287118.4344293118,
      74209.70126340228,
      -283839.8785855457,
      -433367.7584856908,
      12192.048536382967,
      -97983.63167430271,
      39525.58046735035,
      55230.37040634534,
      -26507.330919402277,
      495286.19222198916,
      131946.62442096006,
      222753.58595168113,
      11863.376921632771,
      46790.9189125159,
      661994.5906115655,
      197868.6375638055,
      -489826.38484833704,
      -115412.26600538816,
      -1248766.0742862965,
      -315397.41740689013,
      42912.10264845122,
      782181.6890918174,
      -78200.27856265826,
      -1633.3174596198735,
      -9112.705141519433
    ],
    [
      -227479.97818785417,
      -264714.1460139706,
      244819.21245833015,
      530789.8655830171,
      127366.77526405413,
      142945.37317015644,
      75891.89961478999,
      -36813.55203867276,
      200105.91296683252,
      -644434.8404268202,
      -457787.8486465938,
      -228086.19027436318,
      -144828.19283645903,
      249590.09428416681,
      -189358.95490222354,
      -105359.01679639523,
      529552.6678684297,
      59166.40239977474,
      -974997.514755235,
      867466.6653816304,
      171851.754226958,
      5002.255972864217,
      -17885.463050212213,
      67264.46517821604,
      45430.33974045073
    ]
  ],
  "lda_w": [
    -2.258849736942439,
    2.0640089990797286,
    -1.6262036419763881,
    1.4694556561122483
  ],
  "lda_b": 3.552713678800501e-15,
  "feature_mean": [
    -0.7766768705105809,
    -0.7658054033399891,
    -0.7462609427308853,
    -0.7384667937033434
  ],
  "feature_std": [
    0.3969752249060205,
    0.3861014133756301,
    0.3236345468346272,
    0.30233845996370395
  ],
  "epoch_tmin": 0.0,
  "epoch_tmax": 1.0,
  "notes": "For FPGA: Apply filter_coeffs (FIR bandpass) to EEG channels, then W_csp (first N_CSP_COMPONENTS rows) to get CSP outputs. Compute log-variance, scale with feature_mean/std, then use lda_w and lda_b for classification (left=0, right=1)."
}