{
  "fs": 256,
  "band": [
    8,
    30
  ],
  "filter_coeffs": [
    -0.00019903658504954135,
    -0.0004229361976965841,
    -0.00039262308125966494,
    -0.00014593827299487906,
    0.00016471634022498978,
    0.0003148114712090491,
    0.0001011609464676364,
    -0.0005398877146599459,
    -0.0014494234194074255,
    -0.002265445799366792,
    -0.0025729372099960526,
    -0.00213560459028514,
    -0.0010876169070450094,
    5.091576831514118e-05,
    0.0005979173942118352,
    9.85202542996305e-05,
    -0.0013225656879294798,
    -0.0028782557793404473,
    -0.0034274522547822657,
    -0.0020800961964597994,
    0.0012031529677092273,
    0.0053847761363947705,
    0.008718461229530364,
    0.009617462165536796,
    0.007606908179507315,
    0.003808412066578535,
    0.0005750398747266369,
    0.00032497371626508137,
    0.004104625874970372,
    0.01067069420296361,
    0.01672445117553474,
    0.01837980050609492,
    0.01325134053836017,
    0.0020849054268425476,
    -0.011077383581244018,
    -0.020556311857313075,
    -0.02192078942166883,
    -0.014718893073505664,
    -0.0035228168976377495,
    0.0035907400017168778,
    -0.0012197395038597543,
    -0.021168398021520592,
    -0.05194877643755832,
    -0.08205474705729998,
    -0.09667623807388458,
    -0.08383626251649222,
    -0.040205561854222506,
    0.026093122158316207,
    0.0972485588286446,
    0.15171350327785282,
    0.1720865373087364,
    0.15171350327785282,
    0.09724855882864458,
    0.026093122158316207,
    -0.0402055618542225,
    -0.0838362625164922,
    -0.09667623807388456,
    -0.08205474705729995,
    -0.05194877643755831,
    -0.021168398021520592,
    -0.0012197395038597541,
    0.0035907400017168765,
    -0.0035228168976377486,
    -0.014718893073505664,
    -0.021920789421668828,
    -0.020556311857313075,
    -0.011077383581244013,
    0.002084905426842547,
    0.013251340538360164,
    0.018379800506094914,
    0.01672445117553474,
    0.010670694202963606,
    0.004104625874970371,
    0.00032497371626508115,
    0.0005750398747266367,
    0.003808412066578534,
    0.007606908179507312,
    0.009617462165536796,
    0.008718461229530357,
    0.005384776136394767,
    0.0012031529677092273,
    -0.002080096196459798,
    -0.0034274522547822657,
    -0.0028782557793404443,
    -0.001322565687929479,
    9.852025429963038e-05,
    0.0005979173942118345,
    5.091576831514118e-05,
    -0.0010876169070450081,
    -0.0021356045902851386,
    -0.002572937209996049,
    -0.0022654457993667903,
    -0.0014494234194074255,
    -0.0005398877146599449,
    0.00010116094646763635,
    0.0003148114712090488,
    0.0001647163402249897,
    -0.00014593827299487906,
    -0.00039262308125966467,
    -0.0004229361976965841,
    -0.00019903658504954135
  ],
  "channels": [
    "EEG-Fz",
    "EEG-0",
    "EEG-1",
    "EEG-2",
    "EEG-3",
    "EEG-4",
    "EEG-5",
    "EEG-C3",
    "EEG-6",
    "EEG-Cz",
    "EEG-7",
    "EEG-C4",
    "EEG-8",
    "EEG-9",
    "EEG-10",
    "EEG-11",
    "EEG-12",
    "EEG-13",
    "EEG-14",
    "EEG-Pz",
    "EEG-15",
    "EEG-16",
    "EOG-left",
    "EOG-central",
    "EOG-right"
  ],
  "n_channels": 25,
  "csp_n_components": 4,
  "W_csp": [
    [
      -188184.7216482737,
      44729.738594175804,
      11719.619755116391,
      83830.4677837138,
      -81356.03994184438,
      81486.15783720776,
      34017.54246174703,
      -12756.296898054015,
      106992.75201412228,
      18517.79553105779,
      182211.5141915368,
      -96740.39282181434,
      -513.5993274871355,
      -62479.933654985565,
      -106835.27727388397,
      -28523.914085113265,
      -1357.6885009195967,
      23915.83494071242,
      -44027.46821411915,
      98817.64460216249,
      -83651.29924550938,
      27155.826778227405,
      -16499.932451540164,
      -91152.23949414301,
      57716.84970605856
    ],
    [
      28895.127011897363,
      -26503.713286717208,
      -14258.345125485572,
      87868.18870780851,
      -303404.32944187766,
      153801.32156802274,
      -20909.72970735367,
      1251.9815882043488,
      100461.92321279699,
      -79863.46181881575,
      -44155.43190717031,
      122515.27169950442,
      -72095.95772041804,
      -142810.65454373334,
      149802.89526780517,
      -209423.39201428829,
      373960.56420062564,
      -98167.85404220526,
      262469.1897138419,
      -167800.01935315013,
      -33000.45530081968,
      -120295.76902203774,
      2851.3008137210363,
      2348.795153324785,
      30067.1402103273
    ],
    [
      -115578.20788632873,
      64655.762485875704,
      -218920.94290313456,
      243720.97633851285,
      23544.982430310938,
      -78533.2365998095,
      26601.13204918852,
      -180839.97737274464,
      337162.2942788249,
      -340600.2890654834,
      123162.52754237577,
      79313.730560383,
      59759.23719464159,
      177360.23520686457,
      -121572.34358259237,
      163064.4017136919,
      -168528.53329571628,
      -147538.80466152707,
      91582.98036963968,
      -253513.67918304857,
      301544.2290910865,
      -58076.188350902805,
      -43086.42622749116,
      -15064.066724490835,
      47289.66881200606
    ],
    [
      -110031.75307717908,
      80327.79917783687,
      110871.32914425599,
      2029.4688737475406,
      281966.7830200528,
      -211511.12030456163,
      29102.288548478915,
      -48052.883180054014,
      -169203.1845689624,
      -103887.3217688689,
      -207866.49431182124,
      89634.40393929239,
      -52641.09849624424,
      114039.54856443981,
      -4281.722744306118,
      26807.326788493385,
      466713.33830231684,
      -173284.10961126862,
      -194636.91122768386,
      49252.546017201814,
      -102816.72880589843,
      100243.05002215087,
      -149177.70060428948,
      23925.489475548868,
      209005.38578259983
    ]
  ],
  "lda_w": [
    -0.5444593061992192,
    1.8020801363354015,
    -1.8916012234136568,
    1.581341309486471
  ],
  "lda_b": -1.3322676295501878e-15,
  "feature_mean": [
    -0.8322079458771835,
    -0.7649104776958983,
    -0.7813235322059673,
    -0.7711029292368734
  ],
  "feature_std": [
    0.4773105993537126,
    0.38012253830218495,
    0.4051095494982837,
    0.3749709763307627
  ],
  "epoch_tmin": 0.0,
  "epoch_tmax": 1.0,
  "notes": "For FPGA: Apply filter_coeffs (FIR bandpass) to EEG channels, then W_csp (first N_CSP_COMPONENTS rows) to get CSP outputs. Compute log-variance, scale with feature_mean/std, then use lda_w and lda_b for classification (left=0, right=1)."
}