{
  "fs": 256,
  "band": [
    8,
    30
  ],
  "filter_coeffs": [
    -0.00019903658504954135,
    -0.0004229361976965841,
    -0.00039262308125966494,
    -0.00014593827299487906,
    0.00016471634022498978,
    0.0003148114712090491,
    0.0001011609464676364,
    -0.0005398877146599459,
    -0.0014494234194074255,
    -0.002265445799366792,
    -0.0025729372099960526,
    -0.00213560459028514,
    -0.0010876169070450094,
    5.091576831514118e-05,
    0.0005979173942118352,
    9.85202542996305e-05,
    -0.0013225656879294798,
    -0.0028782557793404473,
    -0.0034274522547822657,
    -0.0020800961964597994,
    0.0012031529677092273,
    0.0053847761363947705,
    0.008718461229530364,
    0.009617462165536796,
    0.007606908179507315,
    0.003808412066578535,
    0.0005750398747266369,
    0.00032497371626508137,
    0.004104625874970372,
    0.01067069420296361,
    0.01672445117553474,
    0.01837980050609492,
    0.01325134053836017,
    0.0020849054268425476,
    -0.011077383581244018,
    -0.020556311857313075,
    -0.02192078942166883,
    -0.014718893073505664,
    -0.0035228168976377495,
    0.0035907400017168778,
    -0.0012197395038597543,
    -0.021168398021520592,
    -0.05194877643755832,
    -0.08205474705729998,
    -0.09667623807388458,
    -0.08383626251649222,
    -0.040205561854222506,
    0.026093122158316207,
    0.0972485588286446,
    0.15171350327785282,
    0.1720865373087364,
    0.15171350327785282,
    0.09724855882864458,
    0.026093122158316207,
    -0.0402055618542225,
    -0.0838362625164922,
    -0.09667623807388456,
    -0.08205474705729995,
    -0.05194877643755831,
    -0.021168398021520592,
    -0.0012197395038597541,
    0.0035907400017168765,
    -0.0035228168976377486,
    -0.014718893073505664,
    -0.021920789421668828,
    -0.020556311857313075,
    -0.011077383581244013,
    0.002084905426842547,
    0.013251340538360164,
    0.018379800506094914,
    0.01672445117553474,
    0.010670694202963606,
    0.004104625874970371,
    0.00032497371626508115,
    0.0005750398747266367,
    0.003808412066578534,
    0.007606908179507312,
    0.009617462165536796,
    0.008718461229530357,
    0.005384776136394767,
    0.0012031529677092273,
    -0.002080096196459798,
    -0.0034274522547822657,
    -0.0028782557793404443,
    -0.001322565687929479,
    9.852025429963038e-05,
    0.0005979173942118345,
    5.091576831514118e-05,
    -0.0010876169070450081,
    -0.0021356045902851386,
    -0.002572937209996049,
    -0.0022654457993667903,
    -0.0014494234194074255,
    -0.0005398877146599449,
    0.00010116094646763635,
    0.0003148114712090488,
    0.0001647163402249897,
    -0.00014593827299487906,
    -0.00039262308125966467,
    -0.0004229361976965841,
    -0.00019903658504954135
  ],
  "channels": [
    "EEG-Fz",
    "EEG-0",
    "EEG-1",
    "EEG-2",
    "EEG-3",
    "EEG-4",
    "EEG-5",
    "EEG-C3",
    "EEG-6",
    "EEG-Cz",
    "EEG-7",
    "EEG-C4",
    "EEG-8",
    "EEG-9",
    "EEG-10",
    "EEG-11",
    "EEG-12",
    "EEG-13",
    "EEG-14",
    "EEG-Pz",
    "EEG-15",
    "EEG-16",
    "EOG-left",
    "EOG-central",
    "EOG-right"
  ],
  "n_channels": 25,
  "csp_n_components": 4,
  "W_csp": [
    [
      -139913.62168166772,
      105451.14652124718,
      8445.015928915438,
      70251.49909692994,
      128609.65033533354,
      -78278.43743382004,
      55505.5631100728,
      -52746.55495854881,
      30723.147589657787,
      -144098.39080573592,
      -117866.34410026549,
      -157018.21602537297,
      -58043.91769898792,
      -15739.435494524234,
      -38096.0150858022,
      63857.691561139094,
      151797.115842323,
      127552.36552881458,
      18309.627720243494,
      15780.6199542125,
      -13590.727190578831,
      -55601.50705798768,
      -142088.2868976769,
      138327.24357125082,
      169142.81855538336
    ],
    [
      -207919.18239752005,
      -66941.1717370828,
      158002.57541604253,
      -26011.36920212933,
      100422.97942991518,
      69200.11835963257,
      29833.73696480528,
      -174042.1911928695,
      366202.638979078,
      -448222.4504858218,
      196119.78522205292,
      461506.87091538875,
      -383122.1804059256,
      67483.04625858755,
      -186571.55570756382,
      130229.45584523639,
      -236666.37472718614,
      -34506.3464147918,
      137107.41567802554,
      -53841.44196997984,
      99365.02443638952,
      -72488.21626454976,
      -56473.05338668495,
      34493.16363288575,
      117254.59951711337
    ],
    [
      -163727.26535331647,
      59046.55340660444,
      137335.89561050714,
      1298.7431478367237,
      297425.1055512638,
      16885.498464859174,
      -280949.5987468161,
      -88129.86795723649,
      48108.35237966203,
      68982.79309098501,
      -195294.328144243,
      -263040.3320055128,
      -87488.30872527993,
      353218.13388564537,
      -88071.46882121883,
      -450225.97658741666,
      279744.9514654666,
      267936.9591751237,
      107661.06840462543,
      176809.29691651638,
      -183237.18685782026,
      -120511.28219895676,
      183919.0578795126,
      -262259.36203972163,
      195826.00411479874
    ],
    [
      -232800.35873785583,
      -213657.27320230354,
      -42151.54701967832,
      259806.6470202221,
      -88389.84045225766,
      712530.0478345804,
      221490.44054031253,
      40916.70317302126,
      293434.00134945207,
      -92693.0128835335,
      -159480.0506769042,
      -622822.1687873248,
      -235670.27634073616,
      -289963.9264014768,
      62433.08403456736,
      -337832.84410599264,
      514573.38684019685,
      267134.7244937356,
      102619.61833897061,
      -116956.66637781738,
      18993.442660977555,
      10013.872392687896,
      -6668.457132136711,
      5395.53118036868,
      -26938.282339105128
    ]
  ],
  "lda_w": [
    0.36459621568009465,
    0.5251721976392568,
    0.40517044442330546,
    0.3447505164625523
  ],
  "lda_b": 2.220446049250313e-16,
  "feature_mean": [
    -0.8812171062484094,
    -0.8604053136055291,
    -0.8065213368026956,
    -0.7553602944365706
  ],
  "feature_std": [
    0.5498153560146248,
    0.5426340127068245,
    0.42196160217416845,
    0.34643263221675746
  ],
  "epoch_tmin": 0.0,
  "epoch_tmax": 1.0,
  "notes": "For FPGA: Apply filter_coeffs (FIR bandpass) to EEG channels, then W_csp (first N_CSP_COMPONENTS rows) to get CSP outputs. Compute log-variance, scale with feature_mean/std, then use lda_w and lda_b for classification (left=0, right=1)."
}