{
  "fs": 256,
  "band": [
    8,
    30
  ],
  "filter_coeffs": [
    -0.00019903658504954135,
    -0.0004229361976965841,
    -0.00039262308125966494,
    -0.00014593827299487906,
    0.00016471634022498978,
    0.0003148114712090491,
    0.0001011609464676364,
    -0.0005398877146599459,
    -0.0014494234194074255,
    -0.002265445799366792,
    -0.0025729372099960526,
    -0.00213560459028514,
    -0.0010876169070450094,
    5.091576831514118e-05,
    0.0005979173942118352,
    9.85202542996305e-05,
    -0.0013225656879294798,
    -0.0028782557793404473,
    -0.0034274522547822657,
    -0.0020800961964597994,
    0.0012031529677092273,
    0.0053847761363947705,
    0.008718461229530364,
    0.009617462165536796,
    0.007606908179507315,
    0.003808412066578535,
    0.0005750398747266369,
    0.00032497371626508137,
    0.004104625874970372,
    0.01067069420296361,
    0.01672445117553474,
    0.01837980050609492,
    0.01325134053836017,
    0.0020849054268425476,
    -0.011077383581244018,
    -0.020556311857313075,
    -0.02192078942166883,
    -0.014718893073505664,
    -0.0035228168976377495,
    0.0035907400017168778,
    -0.0012197395038597543,
    -0.021168398021520592,
    -0.05194877643755832,
    -0.08205474705729998,
    -0.09667623807388458,
    -0.08383626251649222,
    -0.040205561854222506,
    0.026093122158316207,
    0.0972485588286446,
    0.15171350327785282,
    0.1720865373087364,
    0.15171350327785282,
    0.09724855882864458,
    0.026093122158316207,
    -0.0402055618542225,
    -0.0838362625164922,
    -0.09667623807388456,
    -0.08205474705729995,
    -0.05194877643755831,
    -0.021168398021520592,
    -0.0012197395038597541,
    0.0035907400017168765,
    -0.0035228168976377486,
    -0.014718893073505664,
    -0.021920789421668828,
    -0.020556311857313075,
    -0.011077383581244013,
    0.002084905426842547,
    0.013251340538360164,
    0.018379800506094914,
    0.01672445117553474,
    0.010670694202963606,
    0.004104625874970371,
    0.00032497371626508115,
    0.0005750398747266367,
    0.003808412066578534,
    0.007606908179507312,
    0.009617462165536796,
    0.008718461229530357,
    0.005384776136394767,
    0.0012031529677092273,
    -0.002080096196459798,
    -0.0034274522547822657,
    -0.0028782557793404443,
    -0.001322565687929479,
    9.852025429963038e-05,
    0.0005979173942118345,
    5.091576831514118e-05,
    -0.0010876169070450081,
    -0.0021356045902851386,
    -0.002572937209996049,
    -0.0022654457993667903,
    -0.0014494234194074255,
    -0.0005398877146599449,
    0.00010116094646763635,
    0.0003148114712090488,
    0.0001647163402249897,
    -0.00014593827299487906,
    -0.00039262308125966467,
    -0.0004229361976965841,
    -0.00019903658504954135
  ],
  "channels": [
    "EEG-Fz",
    "EEG-0",
    "EEG-1",
    "EEG-2",
    "EEG-3",
    "EEG-4",
    "EEG-5",
    "EEG-C3",
    "EEG-6",
    "EEG-Cz",
    "EEG-7",
    "EEG-C4",
    "EEG-8",
    "EEG-9",
    "EEG-10",
    "EEG-11",
    "EEG-12",
    "EEG-13",
    "EEG-14",
    "EEG-Pz",
    "EEG-15",
    "EEG-16",
    "EOG-left",
    "EOG-central",
    "EOG-right"
  ],
  "n_channels": 25,
  "csp_n_components": 4,
  "W_csp": [
    [
      -90615.46507414611,
      -80035.64241415268,
      79268.18060375845,
      -12977.346395408278,
      9869.141709040703,
      42388.19299608924,
      -86078.2918872913,
      -19814.437211380013,
      98516.67878227857,
      -53074.12872268514,
      -259.17392252650427,
      -41817.93884319315,
      -3184.4726484116113,
      123153.27665475258,
      -91418.36517575658,
      -1254.3578116436477,
      54289.70765752692,
      -11330.945565940288,
      -47374.93142361087,
      27990.97425849845,
      3223.5310513642125,
      -4528.512690649502,
      200245.46136470468,
      79771.43900045144,
      -75745.98847061142
    ],
    [
      -153931.40554873177,
      -7011.527836251068,
      64294.53111237938,
      -5815.462401322188,
      86674.68502015663,
      -50720.97040919083,
      15528.514449250839,
      -2599.347526080747,
      -46713.07724214135,
      -47569.64416462212,
      -38796.53955289018,
      123585.37948938926,
      -85105.14966376379,
      -3050.921294580308,
      103368.73108544301,
      -35268.609343435586,
      47677.86858869643,
      -111303.30352277104,
      -42962.25156292264,
      21994.290713447277,
      51364.73671813852,
      -22972.072557483312,
      -66719.89794501998,
      170591.5430141356,
      108464.28691752018
    ],
    [
      95040.43952891354,
      49172.75228394838,
      -32224.81349594324,
      -110575.42667863319,
      69489.14000607382,
      -210589.82506696097,
      -147465.78444438323,
      102319.3796646236,
      -190202.39279123375,
      -157072.26201788982,
      196951.27246030152,
      668454.8245306973,
      -224026.20660360085,
      -26749.106903218246,
      548268.2104348168,
      -19614.899365460635,
      -23888.19849591863,
      -280892.3625723806,
      8165.794316509775,
      -505315.9791511105,
      -62669.082418463666,
      191554.00954508275,
      11218.054338987165,
      -29958.999642283583,
      13352.13447054139
    ],
    [
      -56610.314091699496,
      170560.1825859851,
      -145179.85285257443,
      82123.67853013983,
      50021.445575645,
      217721.542249971,
      -148480.46061503483,
      -53010.35474018357,
      35163.54292700915,
      -6905.207779215513,
      -77357.49526249304,
      -760408.3684955327,
      170474.47503687232,
      102539.4045538749,
      76070.55474544295,
      96324.46144610057,
      640549.8640622931,
      57464.774762923036,
      -26460.14329562588,
      -258611.14446665204,
      -359163.939217175,
      129485.29976653072,
      9449.335639428167,
      -36871.756866493684,
      17269.369249840485
    ]
  ],
  "lda_w": [
    -4.012536486332839,
    3.826843814517798,
    0.9616074322414616,
    0.37981676230352424
  ],
  "lda_b": 0.0,
  "feature_mean": [
    -0.9186051147745806,
    -0.8565550716573997,
    -0.7789530427395639,
    -0.7647876611780933
  ],
  "feature_std": [
    0.6547791356263387,
    0.5552200307143954,
    0.4035993513967896,
    0.3687586529000068
  ],
  "epoch_tmin": 0.0,
  "epoch_tmax": 1.0,
  "notes": "For FPGA: Apply filter_coeffs (FIR bandpass) to EEG channels, then W_csp (first N_CSP_COMPONENTS rows) to get CSP outputs. Compute log-variance, scale with feature_mean/std, then use lda_w and lda_b for classification (left=0, right=1)."
}