{
  "fs": 256,
  "band": [
    8,
    30
  ],
  "filter_coeffs": [
    -0.00019903658504954135,
    -0.0004229361976965841,
    -0.00039262308125966494,
    -0.00014593827299487906,
    0.00016471634022498978,
    0.0003148114712090491,
    0.0001011609464676364,
    -0.0005398877146599459,
    -0.0014494234194074255,
    -0.002265445799366792,
    -0.0025729372099960526,
    -0.00213560459028514,
    -0.0010876169070450094,
    5.091576831514118e-05,
    0.0005979173942118352,
    9.85202542996305e-05,
    -0.0013225656879294798,
    -0.0028782557793404473,
    -0.0034274522547822657,
    -0.0020800961964597994,
    0.0012031529677092273,
    0.0053847761363947705,
    0.008718461229530364,
    0.009617462165536796,
    0.007606908179507315,
    0.003808412066578535,
    0.0005750398747266369,
    0.00032497371626508137,
    0.004104625874970372,
    0.01067069420296361,
    0.01672445117553474,
    0.01837980050609492,
    0.01325134053836017,
    0.0020849054268425476,
    -0.011077383581244018,
    -0.020556311857313075,
    -0.02192078942166883,
    -0.014718893073505664,
    -0.0035228168976377495,
    0.0035907400017168778,
    -0.0012197395038597543,
    -0.021168398021520592,
    -0.05194877643755832,
    -0.08205474705729998,
    -0.09667623807388458,
    -0.08383626251649222,
    -0.040205561854222506,
    0.026093122158316207,
    0.0972485588286446,
    0.15171350327785282,
    0.1720865373087364,
    0.15171350327785282,
    0.09724855882864458,
    0.026093122158316207,
    -0.0402055618542225,
    -0.0838362625164922,
    -0.09667623807388456,
    -0.08205474705729995,
    -0.05194877643755831,
    -0.021168398021520592,
    -0.0012197395038597541,
    0.0035907400017168765,
    -0.0035228168976377486,
    -0.014718893073505664,
    -0.021920789421668828,
    -0.020556311857313075,
    -0.011077383581244013,
    0.002084905426842547,
    0.013251340538360164,
    0.018379800506094914,
    0.01672445117553474,
    0.010670694202963606,
    0.004104625874970371,
    0.00032497371626508115,
    0.0005750398747266367,
    0.003808412066578534,
    0.007606908179507312,
    0.009617462165536796,
    0.008718461229530357,
    0.005384776136394767,
    0.0012031529677092273,
    -0.002080096196459798,
    -0.0034274522547822657,
    -0.0028782557793404443,
    -0.001322565687929479,
    9.852025429963038e-05,
    0.0005979173942118345,
    5.091576831514118e-05,
    -0.0010876169070450081,
    -0.0021356045902851386,
    -0.002572937209996049,
    -0.0022654457993667903,
    -0.0014494234194074255,
    -0.0005398877146599449,
    0.00010116094646763635,
    0.0003148114712090488,
    0.0001647163402249897,
    -0.00014593827299487906,
    -0.00039262308125966467,
    -0.0004229361976965841,
    -0.00019903658504954135
  ],
  "channels": [
    "EEG-Fz",
    "EEG-0",
    "EEG-1",
    "EEG-2",
    "EEG-3",
    "EEG-4",
    "EEG-5",
    "EEG-C3",
    "EEG-6",
    "EEG-Cz",
    "EEG-7",
    "EEG-C4",
    "EEG-8",
    "EEG-9",
    "EEG-10",
    "EEG-11",
    "EEG-12",
    "EEG-13",
    "EEG-14",
    "EEG-Pz",
    "EEG-15",
    "EEG-16",
    "EOG-left",
    "EOG-central",
    "EOG-right"
  ],
  "n_channels": 25,
  "csp_n_components": 4,
  "W_csp": [
    [
      -29433.136632178415,
      17464.510353307778,
      -19667.03465646137,
      1262.7567773000308,
      111682.56198045224,
      104303.95362809977,
      44338.57672520245,
      -98216.58680470285,
      -25406.81251145732,
      213936.26026004087,
      -88034.59437922778,
      -323125.8105659948,
      88617.96984440836,
      79899.67335818004,
      35277.408613296444,
      26798.008433168383,
      -240397.17255386568,
      40603.06326937434,
      -24568.258299018165,
      -11693.369216572846,
      111314.69326628705,
      -13299.837207193706,
      -5619.647128152471,
      -8281.90084225803,
      9619.557103347059
    ],
    [
      129819.87296146025,
      -52969.80174315809,
      -244573.82378987968,
      -151457.39953778143,
      18490.448725580412,
      38847.35228756437,
      -57128.085040485195,
      335118.4548752051,
      -57739.28988518382,
      85965.17947315807,
      100366.13773141679,
      -62761.39064575755,
      15794.407233341157,
      -15903.979021915577,
      123671.19987656975,
      -108903.69057216268,
      -79637.90693936861,
      -45066.216562248876,
      -6390.873374471094,
      -51364.37871694467,
      153917.628253889,
      -54288.31018883503,
      -22685.68015474451,
      16466.384497140898,
      -6087.537614076683
    ],
    [
      11385.265115989094,
      9041.51142797386,
      -88395.85768366714,
      169534.1059900834,
      -165278.76760047543,
      252079.46124074992,
      -75085.0990565144,
      52918.413344760134,
      -1428.2324819893836,
      -73347.38347219343,
      117616.47756921189,
      -734680.9870766974,
      87818.67743139144,
      151806.79202977088,
      -155250.70504702802,
      -260921.8663483879,
      629403.7449826305,
      -20851.88810339399,
      -63591.040906228525,
      -107098.0263852553,
      349918.3095214232,
      -127807.06900342142,
      -36013.27330312579,
      1486.741284757017,
      74389.3406870861
    ],
    [
      -41808.69086947746,
      -191068.02613693546,
      306512.8091120998,
      90082.76917900261,
      -65209.1353884767,
      -23619.814321890928,
      -79413.71218648435,
      611586.9990924622,
      -261936.30049705788,
      -12351.32166973352,
      -7876.99462236116,
      -7741.688198120559,
      13812.653652220808,
      -579975.9096116761,
      -1835.1449119360952,
      -125066.26550459312,
      -26053.391414171336,
      29745.70719646781,
      238395.73528173068,
      350585.68784588896,
      -125015.2464036468,
      -83129.45354159457,
      -22822.00523559414,
      15111.713577884811,
      -4495.714359778591
    ]
  ],
  "lda_w": [
    1.7250553295136528,
    -1.0412802780204593,
    1.2037820658890985,
    -0.39303213753136995
  ],
  "lda_b": 1.7763568394002505e-15,
  "feature_mean": [
    -0.8685754338918705,
    -0.9003194196110604,
    -0.7943062781500417,
    -0.8133192625711756
  ],
  "feature_std": [
    0.5984630533403035,
    0.6526867736873293,
    0.4425970578023033,
    0.48188194454909056
  ],
  "epoch_tmin": 0.0,
  "epoch_tmax": 1.0,
  "notes": "For FPGA: Apply filter_coeffs (FIR bandpass) to EEG channels, then W_csp (first N_CSP_COMPONENTS rows) to get CSP outputs. Compute log-variance, scale with feature_mean/std, then use lda_w and lda_b for classification (left=0, right=1)."
}