{
  "fs": 256,
  "band": [
    8,
    30
  ],
  "filter_coeffs": [
    -0.00019903658504954135,
    -0.0004229361976965841,
    -0.00039262308125966494,
    -0.00014593827299487906,
    0.00016471634022498978,
    0.0003148114712090491,
    0.0001011609464676364,
    -0.0005398877146599459,
    -0.0014494234194074255,
    -0.002265445799366792,
    -0.0025729372099960526,
    -0.00213560459028514,
    -0.0010876169070450094,
    5.091576831514118e-05,
    0.0005979173942118352,
    9.85202542996305e-05,
    -0.0013225656879294798,
    -0.0028782557793404473,
    -0.0034274522547822657,
    -0.0020800961964597994,
    0.0012031529677092273,
    0.0053847761363947705,
    0.008718461229530364,
    0.009617462165536796,
    0.007606908179507315,
    0.003808412066578535,
    0.0005750398747266369,
    0.00032497371626508137,
    0.004104625874970372,
    0.01067069420296361,
    0.01672445117553474,
    0.01837980050609492,
    0.01325134053836017,
    0.0020849054268425476,
    -0.011077383581244018,
    -0.020556311857313075,
    -0.02192078942166883,
    -0.014718893073505664,
    -0.0035228168976377495,
    0.0035907400017168778,
    -0.0012197395038597543,
    -0.021168398021520592,
    -0.05194877643755832,
    -0.08205474705729998,
    -0.09667623807388458,
    -0.08383626251649222,
    -0.040205561854222506,
    0.026093122158316207,
    0.0972485588286446,
    0.15171350327785282,
    0.1720865373087364,
    0.15171350327785282,
    0.09724855882864458,
    0.026093122158316207,
    -0.0402055618542225,
    -0.0838362625164922,
    -0.09667623807388456,
    -0.08205474705729995,
    -0.05194877643755831,
    -0.021168398021520592,
    -0.0012197395038597541,
    0.0035907400017168765,
    -0.0035228168976377486,
    -0.014718893073505664,
    -0.021920789421668828,
    -0.020556311857313075,
    -0.011077383581244013,
    0.002084905426842547,
    0.013251340538360164,
    0.018379800506094914,
    0.01672445117553474,
    0.010670694202963606,
    0.004104625874970371,
    0.00032497371626508115,
    0.0005750398747266367,
    0.003808412066578534,
    0.007606908179507312,
    0.009617462165536796,
    0.008718461229530357,
    0.005384776136394767,
    0.0012031529677092273,
    -0.002080096196459798,
    -0.0034274522547822657,
    -0.0028782557793404443,
    -0.001322565687929479,
    9.852025429963038e-05,
    0.0005979173942118345,
    5.091576831514118e-05,
    -0.0010876169070450081,
    -0.0021356045902851386,
    -0.002572937209996049,
    -0.0022654457993667903,
    -0.0014494234194074255,
    -0.0005398877146599449,
    0.00010116094646763635,
    0.0003148114712090488,
    0.0001647163402249897,
    -0.00014593827299487906,
    -0.00039262308125966467,
    -0.0004229361976965841,
    -0.00019903658504954135
  ],
  "channels": [
    "EEG-Fz",
    "EEG-0",
    "EEG-1",
    "EEG-2",
    "EEG-3",
    "EEG-4",
    "EEG-5",
    "EEG-C3",
    "EEG-6",
    "EEG-Cz",
    "EEG-7",
    "EEG-C4",
    "EEG-8",
    "EEG-9",
    "EEG-10",
    "EEG-11",
    "EEG-12",
    "EEG-13",
    "EEG-14",
    "EEG-Pz",
    "EEG-15",
    "EEG-16",
    "EOG-left",
    "EOG-central",
    "EOG-right"
  ],
  "n_channels": 25,
  "csp_n_components": 4,
  "W_csp": [
    [
      -91549.13902987594,
      -3468.6736992244314,
      10069.538147914056,
      -3725.0655724327594,
      72661.7805857972,
      2530.102915358444,
      795.447512953832,
      40453.29483435556,
      27189.766167473357,
      -46582.246239324624,
      -30268.41647646783,
      -133852.88183642272,
      -147168.01041582692,
      -47699.98266366937,
      24270.12053738126,
      -58379.00387090812,
      70101.5130565353,
      266440.7158360957,
      33668.91002884436,
      12492.079913267185,
      -107179.42166353269,
      -8444.188331884021,
      -75349.0518374637,
      89656.87882552535,
      111543.46517206125
    ],
    [
      -23148.324344559744,
      -6223.130893514092,
      -48419.33585659559,
      -50250.20603669699,
      28845.6872932408,
      -26350.325438693842,
      -154077.351389043,
      99949.88691925473,
      50165.29401597453,
      -39396.14096946581,
      61362.8195184868,
      -19889.634829060113,
      28282.390355453757,
      26920.512642215213,
      -8628.502439181519,
      36531.5083186138,
      -47139.33705517838,
      -10980.464741033875,
      -13431.184550352526,
      -47140.57986837994,
      56754.23696750846,
      -10278.571673892255,
      139897.59935095676,
      125176.83208752003,
      -107982.2232440559
    ],
    [
      -93242.51499533257,
      19709.64341602842,
      16373.52648234941,
      -17659.45663752751,
      39652.05721201177,
      -114142.89622158647,
      33279.551094732065,
      -2086.7441333180013,
      -2323.2067726897735,
      -30015.968726623032,
      19717.44634553861,
      289071.2787857932,
      -37463.78398818379,
      -34844.28432183108,
      29988.759776314466,
      -44096.8998587531,
      62546.31946325199,
      -384956.70976201846,
      11641.160588336987,
      -5736.4224303050705,
      234873.51845900083,
      -74273.42787914362,
      -93020.2819353681,
      114659.2593969342,
      70258.49023106134
    ],
    [
      -55968.7410216733,
      23466.374542776415,
      90743.40004514462,
      38154.01718605198,
      -10950.157591448215,
      9928.331402276948,
      12628.166371592983,
      -117171.09232505041,
      -251149.86859319007,
      15925.779749566895,
      81290.71791607926,
      -16239.870569160375,
      8608.486766932561,
      151942.73546722892,
      140423.09317666374,
      -75267.48907375813,
      -106075.10022386408,
      3941.153583443118,
      65328.13608822951,
      -77434.44249267723,
      144595.17182482732,
      -91431.33567882152,
      24894.123509796256,
      8572.020398100127,
      2867.8698169357745
    ]
  ],
  "lda_w": [
    3.197421420462676,
    -3.9099781816451427,
    2.8232729853203677,
    -2.811494777202562
  ],
  "lda_b": 8.881784197001252e-16,
  "feature_mean": [
    -0.8512835810837039,
    -0.8249317746047795,
    -0.8436820334196351,
    -0.8707667232690048
  ],
  "feature_std": [
    0.570309508623177,
    0.4946336948413689,
    0.5653500675702621,
    0.623514505333584
  ],
  "epoch_tmin": 0.0,
  "epoch_tmax": 1.0,
  "notes": "For FPGA: Apply filter_coeffs (FIR bandpass) to EEG channels, then W_csp (first N_CSP_COMPONENTS rows) to get CSP outputs. Compute log-variance, scale with feature_mean/std, then use lda_w and lda_b for classification (left=0, right=1)."
}