{
  "fs": 256,
  "band": [
    8,
    30
  ],
  "filter_coeffs": [
    -0.00019903658504954135,
    -0.0004229361976965841,
    -0.00039262308125966494,
    -0.00014593827299487906,
    0.00016471634022498978,
    0.0003148114712090491,
    0.0001011609464676364,
    -0.0005398877146599459,
    -0.0014494234194074255,
    -0.002265445799366792,
    -0.0025729372099960526,
    -0.00213560459028514,
    -0.0010876169070450094,
    5.091576831514118e-05,
    0.0005979173942118352,
    9.85202542996305e-05,
    -0.0013225656879294798,
    -0.0028782557793404473,
    -0.0034274522547822657,
    -0.0020800961964597994,
    0.0012031529677092273,
    0.0053847761363947705,
    0.008718461229530364,
    0.009617462165536796,
    0.007606908179507315,
    0.003808412066578535,
    0.0005750398747266369,
    0.00032497371626508137,
    0.004104625874970372,
    0.01067069420296361,
    0.01672445117553474,
    0.01837980050609492,
    0.01325134053836017,
    0.0020849054268425476,
    -0.011077383581244018,
    -0.020556311857313075,
    -0.02192078942166883,
    -0.014718893073505664,
    -0.0035228168976377495,
    0.0035907400017168778,
    -0.0012197395038597543,
    -0.021168398021520592,
    -0.05194877643755832,
    -0.08205474705729998,
    -0.09667623807388458,
    -0.08383626251649222,
    -0.040205561854222506,
    0.026093122158316207,
    0.0972485588286446,
    0.15171350327785282,
    0.1720865373087364,
    0.15171350327785282,
    0.09724855882864458,
    0.026093122158316207,
    -0.0402055618542225,
    -0.0838362625164922,
    -0.09667623807388456,
    -0.08205474705729995,
    -0.05194877643755831,
    -0.021168398021520592,
    -0.0012197395038597541,
    0.0035907400017168765,
    -0.0035228168976377486,
    -0.014718893073505664,
    -0.021920789421668828,
    -0.020556311857313075,
    -0.011077383581244013,
    0.002084905426842547,
    0.013251340538360164,
    0.018379800506094914,
    0.01672445117553474,
    0.010670694202963606,
    0.004104625874970371,
    0.00032497371626508115,
    0.0005750398747266367,
    0.003808412066578534,
    0.007606908179507312,
    0.009617462165536796,
    0.008718461229530357,
    0.005384776136394767,
    0.0012031529677092273,
    -0.002080096196459798,
    -0.0034274522547822657,
    -0.0028782557793404443,
    -0.001322565687929479,
    9.852025429963038e-05,
    0.0005979173942118345,
    5.091576831514118e-05,
    -0.0010876169070450081,
    -0.0021356045902851386,
    -0.002572937209996049,
    -0.0022654457993667903,
    -0.0014494234194074255,
    -0.0005398877146599449,
    0.00010116094646763635,
    0.0003148114712090488,
    0.0001647163402249897,
    -0.00014593827299487906,
    -0.00039262308125966467,
    -0.0004229361976965841,
    -0.00019903658504954135
  ],
  "channels": [
    "EEG-Fz",
    "EEG-0",
    "EEG-1",
    "EEG-2",
    "EEG-3",
    "EEG-4",
    "EEG-5",
    "EEG-C3",
    "EEG-6",
    "EEG-Cz",
    "EEG-7",
    "EEG-C4",
    "EEG-8",
    "EEG-9",
    "EEG-10",
    "EEG-11",
    "EEG-12",
    "EEG-13",
    "EEG-14",
    "EEG-Pz",
    "EEG-15",
    "EEG-16",
    "EOG-left",
    "EOG-central",
    "EOG-right"
  ],
  "n_channels": 25,
  "csp_n_components": 4,
  "W_csp": [
    [
      75264.25241284574,
      60056.2477208301,
      -75018.83042751643,
      30166.364240049574,
      17448.576078322825,
      21990.478694565187,
      -4041.873501819589,
      -44574.31813444382,
      -70357.15157082168,
      35914.90823487785,
      -76254.01348726486,
      -8910.93035425038,
      19697.71942873285,
      -6381.483657057064,
      214199.22712036278,
      -7315.891328793965,
      -38440.38152883315,
      144614.26717945217,
      -138330.7227790424,
      -68842.3931886391,
      -61543.11913703035,
      127255.84261366302,
      47468.60628838905,
      -40382.91946408776,
      -201969.3312524032
    ],
    [
      4476.481493807471,
      -26421.243981826214,
      -60075.391843388694,
      93548.96799158059,
      -37833.17340172642,
      -39188.999033732194,
      31094.530105584152,
      -7301.246469639637,
      -30914.965267145315,
      21365.603457324585,
      -91591.62572142205,
      31615.060431711037,
      15107.861367767984,
      -129249.66159887907,
      -65932.10509745961,
      -36502.111422932365,
      229283.29408473786,
      -102365.69310966099,
      295207.48098809895,
      -123992.87357903396,
      56123.40162193983,
      -133379.16248854328,
      129090.49704755547,
      148388.9446749878,
      -119026.07663429351
    ],
    [
      -59982.64963839381,
      155859.9677859709,
      226946.17981013242,
      -180398.72650402007,
      -154933.77328548406,
      -44776.68126643149,
      54421.84381111293,
      -244596.7537461681,
      -343122.8204906645,
      68933.3791475845,
      152134.09441312708,
      354462.24340948806,
      -252838.07043542605,
      38085.661088186884,
      366215.95539242815,
      -32492.27773776133,
      -280307.7403749103,
      529313.9439318572,
      -116850.21013443459,
      243714.96370510495,
      -581969.515331908,
      93059.41777988865,
      -16019.268294304977,
      30248.120396587674,
      16164.147684546406
    ],
    [
      59278.96814543937,
      230973.96276814866,
      -331864.48431873834,
      100079.08965279661,
      -32581.49144017225,
      74162.36459760227,
      35089.89038412723,
      -657274.6881113714,
      -188957.77007428167,
      79774.60048963128,
      158985.8518063293,
      -219711.5409105933,
      84318.21094614796,
      999181.1752550463,
      328754.1599539966,
      -395458.743977923,
      35371.76899229602,
      5003.086584988008,
      -533670.9901671719,
      147762.7624596888,
      157993.84339850137,
      -148297.37412275493,
      22066.389011964166,
      -30958.153358953583,
      6884.464631746517
    ]
  ],
  "lda_w": [
    2.657087798585583,
    -2.3441637638193726,
    1.1286201428473157,
    -1.245683151192695
  ],
  "lda_b": -1.7763568394002505e-15,
  "feature_mean": [
    -0.8758134133727551,
    -0.8423993876445215,
    -0.8220395245515122,
    -0.774859709986721
  ],
  "feature_std": [
    0.5879578750278158,
    0.5263319380503144,
    0.4785611299876982,
    0.37966193510846274
  ],
  "epoch_tmin": 0.0,
  "epoch_tmax": 1.0,
  "notes": "For FPGA: Apply filter_coeffs (FIR bandpass) to EEG channels, then W_csp (first N_CSP_COMPONENTS rows) to get CSP outputs. Compute log-variance, scale with feature_mean/std, then use lda_w and lda_b for classification (left=0, right=1)."
}