{
  "fs": 256,
  "band": [
    8,
    30
  ],
  "filter_coeffs": [
    -0.00019903658504954135,
    -0.0004229361976965841,
    -0.00039262308125966494,
    -0.00014593827299487906,
    0.00016471634022498978,
    0.0003148114712090491,
    0.0001011609464676364,
    -0.0005398877146599459,
    -0.0014494234194074255,
    -0.002265445799366792,
    -0.0025729372099960526,
    -0.00213560459028514,
    -0.0010876169070450094,
    5.091576831514118e-05,
    0.0005979173942118352,
    9.85202542996305e-05,
    -0.0013225656879294798,
    -0.0028782557793404473,
    -0.0034274522547822657,
    -0.0020800961964597994,
    0.0012031529677092273,
    0.0053847761363947705,
    0.008718461229530364,
    0.009617462165536796,
    0.007606908179507315,
    0.003808412066578535,
    0.0005750398747266369,
    0.00032497371626508137,
    0.004104625874970372,
    0.01067069420296361,
    0.01672445117553474,
    0.01837980050609492,
    0.01325134053836017,
    0.0020849054268425476,
    -0.011077383581244018,
    -0.020556311857313075,
    -0.02192078942166883,
    -0.014718893073505664,
    -0.0035228168976377495,
    0.0035907400017168778,
    -0.0012197395038597543,
    -0.021168398021520592,
    -0.05194877643755832,
    -0.08205474705729998,
    -0.09667623807388458,
    -0.08383626251649222,
    -0.040205561854222506,
    0.026093122158316207,
    0.0972485588286446,
    0.15171350327785282,
    0.1720865373087364,
    0.15171350327785282,
    0.09724855882864458,
    0.026093122158316207,
    -0.0402055618542225,
    -0.0838362625164922,
    -0.09667623807388456,
    -0.08205474705729995,
    -0.05194877643755831,
    -0.021168398021520592,
    -0.0012197395038597541,
    0.0035907400017168765,
    -0.0035228168976377486,
    -0.014718893073505664,
    -0.021920789421668828,
    -0.020556311857313075,
    -0.011077383581244013,
    0.002084905426842547,
    0.013251340538360164,
    0.018379800506094914,
    0.01672445117553474,
    0.010670694202963606,
    0.004104625874970371,
    0.00032497371626508115,
    0.0005750398747266367,
    0.003808412066578534,
    0.007606908179507312,
    0.009617462165536796,
    0.008718461229530357,
    0.005384776136394767,
    0.0012031529677092273,
    -0.002080096196459798,
    -0.0034274522547822657,
    -0.0028782557793404443,
    -0.001322565687929479,
    9.852025429963038e-05,
    0.0005979173942118345,
    5.091576831514118e-05,
    -0.0010876169070450081,
    -0.0021356045902851386,
    -0.002572937209996049,
    -0.0022654457993667903,
    -0.0014494234194074255,
    -0.0005398877146599449,
    0.00010116094646763635,
    0.0003148114712090488,
    0.0001647163402249897,
    -0.00014593827299487906,
    -0.00039262308125966467,
    -0.0004229361976965841,
    -0.00019903658504954135
  ],
  "channels": [
    "EEG-Fz",
    "EEG-0",
    "EEG-1",
    "EEG-2",
    "EEG-3",
    "EEG-4",
    "EEG-5",
    "EEG-C3",
    "EEG-6",
    "EEG-Cz",
    "EEG-7",
    "EEG-C4",
    "EEG-8",
    "EEG-9",
    "EEG-10",
    "EEG-11",
    "EEG-12",
    "EEG-13",
    "EEG-14",
    "EEG-Pz",
    "EEG-15",
    "EEG-16",
    "EOG-left",
    "EOG-central",
    "EOG-right"
  ],
  "n_channels": 25,
  "csp_n_components": 4,
  "W_csp": [
    [
      29961.08754199416,
      86198.83077475267,
      93829.05760333543,
      17941.235541211583,
      -12443.281087334375,
      -12715.928939600028,
      91170.52980763976,
      -404343.0647960733,
      -534290.5113257475,
      49983.129641040294,
      79823.34051649438,
      -4987.189225112517,
      25335.05442117158,
      354588.56354673445,
      430579.1552428021,
      -37856.22136005798,
      57489.84687005489,
      -81417.1011153577,
      -154018.9407222882,
      -43055.951883210066,
      -45944.7562613668,
      54230.797637655334,
      4083.7479231528155,
      -73541.17152746243,
      30136.72079469928
    ],
    [
      24306.517269533906,
      -34372.47131907043,
      60581.31694310973,
      89962.98874607655,
      -251640.93995845,
      -96699.82839984391,
      19705.951516040783,
      -80534.92317799914,
      138574.1633583841,
      -286599.76858916215,
      160985.8334798521,
      575290.7378646118,
      93936.84469056988,
      73838.8810127482,
      -136762.27248949034,
      -50051.54287408089,
      665084.2471604194,
      -1179147.5488263005,
      51739.10777014899,
      -250218.4609733096,
      512757.13106272666,
      -83444.73695694769,
      -10501.381659969882,
      7086.029480349517,
      -10085.657915159598
    ],
    [
      162325.46717723715,
      -95563.20243773713,
      -155063.26319108423,
      -34031.834501595506,
      -69994.87132274738,
      -8373.629230892016,
      -105829.16147806167,
      396424.0679713135,
      244091.72117848802,
      -175801.1068268732,
      110085.51632653932,
      -30092.650089582323,
      -4708.034135204191,
      -68612.7964176021,
      -107700.40212136108,
      29046.74980094827,
      46345.24028272735,
      -23259.99178995661,
      -209608.34123403707,
      158968.17264439873,
      -65800.020307067,
      28563.174819579996,
      48532.12138554934,
      -224405.89575215665,
      119080.39644838001
    ],
    [
      -71380.61460331059,
      256514.2394282689,
      16975.448847806474,
      86987.35585336956,
      -53257.768740652966,
      -82773.88594404564,
      191744.90225400464,
      -545206.8717435143,
      43625.71347954083,
      120186.55817762217,
      -95669.70374956793,
      263006.79792499426,
      -54017.485458366784,
      -172804.3979807966,
      -60852.725597150085,
      133632.47285403387,
      -147108.79729728473,
      -46021.110348139715,
      365800.67950602714,
      -220251.05191917391,
      105333.68393991556,
      -38590.16739152806,
      10435.999551675526,
      -98572.85270624816,
      91457.7073196734
    ]
  ],
  "lda_w": [
    -0.8037756965103123,
    0.8246731781569874,
    -0.21985976564973247,
    -0.3421866033946128
  ],
  "lda_b": -2.220446049250313e-16,
  "feature_mean": [
    -0.887291386466659,
    -0.9613728154867639,
    -0.959120670028676,
    -0.8551060907087658
  ],
  "feature_std": [
    0.6089330048922915,
    0.4864118691141371,
    0.48871084207400867,
    0.5433272034778864
  ],
  "epoch_tmin": 0.0,
  "epoch_tmax": 1.0,
  "notes": "For FPGA: Apply filter_coeffs (FIR bandpass) to EEG channels, then W_csp (first N_CSP_COMPONENTS rows) to get CSP outputs. Compute log-variance, scale with feature_mean/std, then use lda_w and lda_b for classification (left=0, right=1)."
}